DSno,planet,best_P
9,b,13.532348783348874
9,c,2.4688993639940513
