DSno,planet,best_P
1,b,2.9143212483563175
1,c,13.373064233272896
