DSno,planet,best_P
5,b,55.38717222700973
5,c,22.895018065238407
