DSno,planet,best_P
1,b,2.9143212483563175
1,c,13.373064233272896
2,b,16.529262647415408
2,c,13.338175565503542
3,b,26.86511016898549
3,c,11.964736856101906
4,b,90.0
4,c,24.66206216082881
5,b,55.38717222700973
5,c,22.895018065238407
6,b,14.470747161558007
6,c,73.23945954745238
7,b,26.516767843460833
7,c,4.680565525420556
8,b,90.0
8,c,34.825450886291506
9,b,13.532348783348874
9,c,2.4688993639940513
