DSno,planet,best_P
6,b,14.470747161558007
6,c,73.23945954745238
