DSno,planet,best_P
3,b,26.86511016898549
3,c,11.964736856101906
