DSno,planet,best_P
7,b,26.516767843460833
7,c,4.680565525420556
