DSno,planet,best_P
2,b,16.529262647415408
2,c,13.338175565503542
